{
  "totalCount": 4,
  "array": [
    [
      "nanshan_data_0"
    ],
    [
      "nanshan_data_1"
    ],
    [
      "nanshan_data_2"
    ],
    [
      "nanshan_data_3"
    ]
  ],
  "position": [
    [
      2385149.7338353517,
      2445609.4985140245,
      5385994.701813504
    ],
    [
      2401734.337158266,
      2441682.992755731,
      5380403.361886762
    ],
    [
      2381369.2132130684,
      2465458.53862186,
      5378613.0986247305
    ],
    [
      2417501.3998205434,
      2446263.2208178556,
      5371253.786253221
    ]
  ]
}